Comparison,Egger_intercept,Egger_p,Rank_tau,Rank_p,Group
Human Augmentation,1.5849610619833583,0.00010296569828897454,0.19906712015438371,2.5148649455115648e-06,Task_Type: Decide
AI Augmentation,0.06428604076653188,0.9617201742141549,0.08961038961038963,0.3294016420072561,Task_Type: Decide
Strong Synergy,1.5895764529911507,0.015373307155915802,0.19770671654727842,0.0014329352533415905,Task_Type: Decide
