Comparison,Egger_intercept,Egger_p,Rank_tau,Rank_p,Group
Human Augmentation,2.7321780775816147,0.004255654605461177,0.2681159420289855,0.06983356984945084,Task_Type: Create
AI Augmentation,0.9251491645997634,0.4137225527475957,0.2794117647058823,0.12878898834482916,Task_Type: Create
Strong Synergy,0.7791962449430889,0.4270046174853727,0.011857707509881422,0.9583680818654058,Task_Type: Create
