Group,Comparison,k,Hedges_g,SE,CI_lower,CI_upper,z,p_value,tau2,I2,Q,Q_df,Q_p
Task_Type: Decide,Human Augmentation,252,0.49886062823767485,0.031974939005952864,0.4361897477860072,0.5615315086893424,15.60161313035814,0.0,0.201376052237144,90.86702930589165,2748.2843031777084,251,0.0
Task_Type: Decide,AI Augmentation,56,-0.31443134340125267,0.10167379985869991,-0.5137119911243044,-0.11515069567820085,-3.0925503309429794,0.0019844457932458592,0.49550807092996924,97.21825616907557,1977.177027897728,55,0.0
Task_Type: Decide,Strong Synergy,119,-0.11623592504205663,0.053454558171494436,-0.22100685905818573,-0.011464991025927532,-2.1744810736091993,0.029669025266386706,0.2756962653980186,93.58485664137889,1839.3977095059538,118,0.0
