Group,Comparison,k,Hedges_g,SE,CI_lower,CI_upper,z,p_value,tau2,I2,Q,Q_df,Q_p
Task_Type: Create,Human Augmentation,24,0.48162352860569824,0.12997861347931805,0.2268654461862349,0.7363816110251615,3.705405956514017,0.00021105242848973305,0.30401541458620424,88.43827677840956,198.93228335590715,23,0.0
Task_Type: Create,AI Augmentation,17,0.38964931442449013,0.15116004808404626,0.09337562017975948,0.6859230086692207,2.577726848881669,0.009945257889041992,0.25352372519555233,77.34154973426982,70.61383198037703,16,7.788774847306001e-09
Task_Type: Create,Strong Synergy,23,0.04565409660075861,0.09798519583884285,-0.14639688724337338,0.2377050804448906,0.4659285130770807,0.6412666709847452,0.1277650698623764,65.32509791141158,63.446466103332554,22,6.8096128813532886e-06
