Comparison,Egger_intercept,Egger_p,Rank_tau,Rank_p,Group
Human Augmentation,-0.24928948625076286,0.8736636447593146,-0.0821256038647343,0.42093919726419227,Industry: Business
Strong Synergy,1.8133881100755096,0.5022446746987732,0.4999999999999999,0.10868055555555556,Industry: Business
