Comparison,Egger_intercept,Egger_p,Rank_tau,Rank_p,Group
Human Augmentation,2.093650399362592,4.186994675052444e-08,0.17404048804351716,0.008526545227392272,Industry: Healthcare
AI Augmentation,0.392266175671253,0.5870057965458008,0.22177419354838715,0.07700092741196966,Industry: Healthcare
Strong Synergy,0.5161011759041466,0.29429375211170855,0.06787330316742081,0.47758206236736733,Industry: Healthcare
