Comparison,Egger_intercept,Egger_p,Rank_tau,Rank_p,Group
Human Augmentation,4.842207833733129,0.014917258108534146,0.29554655870445345,0.00806789673316604,Industry: Public sector
AI Augmentation,-3.7098942372941015,0.5188458303524573,-0.3201581027667984,0.033489217128381564,Industry: Public sector
Strong Synergy,0.26109250229693076,0.943849190362871,-0.22441447392934025,0.08776927477376557,Industry: Public sector
