Comparison,Egger_intercept,Egger_p,Rank_tau,Rank_p,Group
Human Augmentation,1.1953533428869292,0.061696695865538956,0.25690834473324214,0.0004612155508893694,Industry: Communication
AI Augmentation,2.7915715086221433,0.0017544154856449178,0.4379084967320262,0.010871540899275188,Industry: Communication
Strong Synergy,2.5353866049378446,5.989713071335046e-05,0.18867924528301888,0.04611024453295697,Industry: Communication
