Group,Comparison,k,Hedges_g,SE,CI_lower,CI_upper,z,p_value,tau2,I2,Q,Q_df,Q_p
Industry: Communication,Human Augmentation,86,0.273681605764357,0.043522951755696926,0.18837662032319102,0.358986591205523,6.28821333857563,3.211404475678137e-10,0.12746585488584078,86.42600779464605,626.197501177831,85,0.0
Industry: Communication,AI Augmentation,18,0.06198836364437517,0.10233025870347778,-0.13857894341444127,0.26255567070319163,0.6057676823040069,0.5446690328618664,0.13642536291451146,87.52960065428687,136.32281957228568,17,0.0
Industry: Communication,Strong Synergy,53,-0.01690923798592818,0.05346474160917342,-0.1217001315399081,0.08788165556805173,-0.31626895552090184,0.7517983725991773,0.1134817844434008,83.88168789927957,322.6144255990413,52,0.0
