Group,Comparison,k,Hedges_g,SE,CI_lower,CI_upper,z,p_value,tau2,I2,Q,Q_df,Q_p
Industry: Healthcare,Human Augmentation,105,0.6466498720104412,0.06028289822302239,0.5284953914933174,0.7648043525275651,10.726920753181073,0.0,0.25048505086597717,84.38793693193384,666.1515492640289,104,0.0
Industry: Healthcare,AI Augmentation,32,-0.04109246832295705,0.1324956172770376,-0.3007838781859507,0.21859894154003662,-0.310142095017649,0.7564529021950279,0.3640998060475679,87.4864274960243,247.7310135866555,31,0.0
Industry: Healthcare,Strong Synergy,52,0.01930997827903738,0.09021252875665074,-0.15750657808399807,0.19612653464207283,0.21404985033870685,0.8305081829873924,0.2580825817377804,80.50991358216349,261.67149240203946,51,0.0
