Group,Comparison,k,Hedges_g,SE,CI_lower,CI_upper,z,p_value,tau2,I2,Q,Q_df,Q_p
Industry: Business,Human Augmentation,46,0.7062120264384504,0.06610874853179136,0.5766388793161393,0.8357851735607614,10.682580477209255,0.0,0.1733271062361217,91.39508041221023,522.956659163372,45,0.0
Industry: Business,Strong Synergy,8,0.11517196916720165,0.09686720651434794,-0.07468775560092031,0.3050316939353236,1.188967590906448,0.23445242043973558,0.05273303439799862,73.99738908897376,26.9203735884526,7,0.0003444581968370386
