Group,Comparison,k,Hedges_g,SE,CI_lower,CI_upper,z,p_value,tau2,I2,Q,Q_df,Q_p
Industry: Public sector,Human Augmentation,39,0.431838533740332,0.07337991320882258,0.28801390385103975,0.5756631636296242,5.8849692627929056,3.981279750320255e-09,0.19246502718271732,94.60175500366896,703.9324822387082,38,0.0
Industry: Public sector,AI Augmentation,23,-0.48559085851231115,0.187976626170083,-0.8540250458056738,-0.11715667121894846,-2.583251271213603,0.009787401148779518,0.7961172646674298,98.72757712448099,1728.984948579003,22,0.0
Industry: Public sector,Strong Synergy,29,-0.4388838406955761,0.12360607762780848,-0.6811517528460808,-0.1966159285450715,-3.5506655426531997,0.000384258393136383,0.42657980390831296,97.54548465315146,1140.7547333509378,28,0.0
