comparison,k,estimate,se,ci_lower,ci_upper,p_value,tau2,I2,Q,Q_pval,pred_lower,pred_upper,method,dl_estimate,dl_ci_lower,dl_ci_upper
Strong Synergy,278,-0.5292332003150487,0.06634790326535459,-0.6592750907151437,-0.3991913099149538,1.5543122344752192e-15,1.144965773063881,98.40843132805064,17404.212892726195,0.0,-2.6305212355593923,1.572054834929295,DL,-0.5292332003150487,-0.6592750907151437,-0.3991913099149538
Human Augmentation,278,0.49368569658435874,0.030823563481345677,0.4332715121609212,0.5540998810077963,0.0,0.20331072315989968,90.35699678332368,2872.5490780814503,0.0,-0.3921406677617357,1.3795120609304532,DL,0.49368569658435874,0.4332715121609212,0.5540998810077963
AI Augmentation,278,0.14533595945651956,0.09538100608692945,-0.04161081247386217,0.3322827313869013,0.12757339731810502,2.4308692464027426,99.28102899409308,38527.283815929135,0.0,-2.9162610735502685,3.206932992463307,DL,0.14533595945651956,-0.04161081247386217,0.3322827313869013
