Comparison,Egger_intercept,Egger_p,Egger_Bias,Begg_tau,Begg_p,Begg_Bias,TrimFill_Missing,TrimFill_Original,TrimFill_Adjusted,FailSafe_N
Strong Synergy,1.9304319423608438,0.03129827377201316,Yes,0.18489752504384976,4.334890697834973e-06,Yes,29,-0.7785123546397477,-0.8119693741536802,376476
Human Augmentation,1.419389796182146,0.00012695955104695536,Yes,0.1848335694074222,4.3619467935233405e-06,Yes,11,0.375073122017691,0.35621771370367106,132306
AI Augmentation,4.568833082213716,0.00042781384400288324,Yes,0.1725848772676788,1.79739323553268e-05,Yes,14,-0.4448181490158336,-0.5075939403980804,44576
