comparison,k,p_params,QM,QM_df1,QM_df2,QM_p,QE,QE_df,QE_p,tau2_residual,R2_pct,sigma2_between,sigma2_within,method
Strong Synergy,278,12,101.13588131516389,11,0,1.1102230246251565e-16,371.68737790853373,266,1.9439926774111882e-05,0.8633045928532476,24.599965067682305,,,DL
Human Augmentation,278,12,50.022505404324285,11,0,6.20135792051002e-07,388.47323001464866,266,1.3683731774349894e-06,0.1564301526695102,23.05858233238337,,,DL
AI Augmentation,278,12,160.40402255498282,11,0,0.0,720.5875489686616,266,0.0,1.9079951041552403,21.509760058928045,,,DL
