Comparison,k,Hedges_g,SE,CI_lower,CI_upper,z,p_value,tau2,I2,Q,Q_df,Q_p
Human Augmentation,276,0.4973311884211219,0.03115467321926912,0.4362680289113544,0.5583943479308894,15.963293369211886,0.0,0.20813572297851604,90.82901796751493,2998.588363011798,275,0.0
AI Augmentation,73,-0.15828300514401597,0.09051050130852177,-0.33568358770871864,0.019117577420686704,-1.7487805597770263,0.08032895842136623,0.5004114971213574,96.63954532919263,2142.56721346286,72,0.0
Strong Synergy,142,-0.0927146216445846,0.04889774320712065,-0.18855419833054107,0.003124955041371863,-1.8960920395009806,0.0579478750453557,0.2699396790786887,92.6686715582196,1923.2530791617114,141,0.0
